[
  {
    "match_id": "VF_0001",
    "home_team": "Ajax",
    "away_team": "Porto",
    "home_score": 4,
    "away_score": 2,
    "result": "1",
    "timestamp": "2025-06-09T05:02:43.395004",
    "league": "Virtual Football"
  },
  {
    "match_id": "VF_0002",
    "home_team": "Inter Milan",
    "away_team": "Atletico Madrid",
    "home_score": 2,
    "away_score": 1,
    "result": "1",
    "timestamp": "2025-06-17T02:04:43.395004",
    "league": "Virtual Football"
  },
  {
    "match_id": "VF_0003",
    "home_team": "Ajax",
    "away_team": "Sevilla",
    "home_score": 3,
    "away_score": 2,
    "result": "1",
    "timestamp": "2025-06-22T16:32:43.395004",
    "league": "Virtual Football"
  },
  {
    "match_id": "VF_0004",
    "home_team": "Liverpool",
    "away_team": "Porto",
    "home_score": 0,
    "away_score": 3,
    "result": "2",
    "timestamp": "2025-06-08T07:30:43.395004",
    "league": "Virtual Football"
  },
  {
    "match_id": "VF_0005",
    "home_team": "PSG",
    "away_team": "Valencia",
    "home_score": 3,
    "away_score": 1,
    "result": "1",
    "timestamp": "2025-06-03T00:28:43.395004",
    "league": "Virtual Football"
  },
  {
    "match_id": "VF_0006",
    "home_team": "AC Milan",
    "away_team": "Borussia Dortmund",
    "home_score": 2,
    "away_score": 1,
    "result": "1",
    "timestamp": "2025-05-28T03:30:43.395004",
    "league": "Virtual Football"
  },
  {
    "match_id": "VF_0007",
    "home_team": "Valencia",
    "away_team": "AC Milan",
    "home_score": 0,
    "away_score": 4,
    "result": "2",
    "timestamp": "2025-05-26T22:28:43.395004",
    "league": "Virtual Football"
  },
  {
    "match_id": "VF_0008",
    "home_team": "PSG",
    "away_team": "Ajax",
    "home_score": 2,
    "away_score": 5,
    "result": "2",
    "timestamp": "2025-06-14T19:16:43.395004",
    "league": "Virtual Football"
  },
  {
    "match_id": "VF_0009",
    "home_team": "Manchester City",
    "away_team": "Liverpool",
    "home_score": 2,
    "away_score": 4,
    "result": "2",
    "timestamp": "2025-05-25T04:42:43.395004",
    "league": "Virtual Football"
  },
  {
    "match_id": "VF_0010",
    "home_team": "Borussia Dortmund",
    "away_team": "Liverpool",
    "home_score": 4,
    "away_score": 2,
    "result": "1",
    "timestamp": "2025-06-07T02:24:43.395004",
    "league": "Virtual Football"
  },
  {
    "match_id": "VF_0011",
    "home_team": "Arsenal",
    "away_team": "Borussia Dortmund",
    "home_score": 4,
    "away_score": 3,
    "result": "1",
    "timestamp": "2025-06-01T17:20:43.395004",
    "league": "Virtual Football"
  },
  {
    "match_id": "VF_0012",
    "home_team": "Inter Milan",
    "away_team": "Porto",
    "home_score": 2,
    "away_score": 4,
    "result": "2",
    "timestamp": "2025-05-29T20:59:43.395004",
    "league": "Virtual Football"
  },
  {
    "match_id": "VF_0013",
    "home_team": "Lyon",
    "away_team": "Bayern Munich",
    "home_score": 1,
    "away_score": 2,
    "result": "2",
    "timestamp": "2025-06-01T12:13:43.395004",
    "league": "Virtual Football"
  },
  {
    "match_id": "VF_0014",
    "home_team": "Arsenal",
    "away_team": "Porto",
    "home_score": 5,
    "away_score": 2,
    "result": "1",
    "timestamp": "2025-05-30T04:30:43.395004",
    "league": "Virtual Football"
  },
  {
    "match_id": "VF_0015",
    "home_team": "Ajax",
    "away_team": "Valencia",
    "home_score": 2,
    "away_score": 2,
    "result": "X",
    "timestamp": "2025-06-16T15:41:43.395004",
    "league": "Virtual Football"
  },
  {
    "match_id": "VF_0016",
    "home_team": "Arsenal",
    "away_team": "Porto",
    "home_score": 3,
    "away_score": 1,
    "result": "1",
    "timestamp": "2025-06-09T04:00:43.395004",
    "league": "Virtual Football"
  },
  {
    "match_id": "VF_0017",
    "home_team": "Manchester United",
    "away_team": "Real Madrid",
    "home_score": 3,
    "away_score": 0,
    "result": "1",
    "timestamp": "2025-06-06T03:45:43.395004",
    "league": "Virtual Football"
  },
  {
    "match_id": "VF_0018",
    "home_team": "Inter Milan",
    "away_team": "Arsenal",
    "home_score": 2,
    "away_score": 1,
    "result": "1",
    "timestamp": "2025-06-10T17:43:43.395004",
    "league": "Virtual Football"
  },
  {
    "match_id": "VF_0019",
    "home_team": "Juventus",
    "away_team": "AC Milan",
    "home_score": 4,
    "away_score": 1,
    "result": "1",
    "timestamp": "2025-06-11T03:25:43.395004",
    "league": "Virtual Football"
  },
  {
    "match_id": "VF_0020",
    "home_team": "Arsenal",
    "away_team": "AC Milan",
    "home_score": 1,
    "away_score": 0,
    "result": "1",
    "timestamp": "2025-06-12T20:24:43.395004",
    "league": "Virtual Football"
  },
  {
    "match_id": "VF_0021",
    "home_team": "Chelsea",
    "away_team": "Liverpool",
    "home_score": 0,
    "away_score": 0,
    "result": "X",
    "timestamp": "2025-06-05T10:24:43.395004",
    "league": "Virtual Football"
  },
  {
    "match_id": "VF_0022",
    "home_team": "Chelsea",
    "away_team": "Benfica",
    "home_score": 2,
    "away_score": 3,
    "result": "2",
    "timestamp": "2025-06-07T08:41:43.395004",
    "league": "Virtual Football"
  },
  {
    "match_id": "VF_0023",
    "home_team": "Manchester City",
    "away_team": "PSG",
    "home_score": 2,
    "away_score": 2,
    "result": "X",
    "timestamp": "2025-05-28T12:15:43.395004",
    "league": "Virtual Football"
  },
  {
    "match_id": "VF_0024",
    "home_team": "Real Madrid",
    "away_team": "Lyon",
    "home_score": 2,
    "away_score": 2,
    "result": "X",
    "timestamp": "2025-06-03T22:33:43.395004",
    "league": "Virtual Football"
  },
  {
    "match_id": "VF_0025",
    "home_team": "Manchester City",
    "away_team": "AC Milan",
    "home_score": 0,
    "away_score": 4,
    "result": "2",
    "timestamp": "2025-05-27T16:50:43.395004",
    "league": "Virtual Football"
  },
  {
    "match_id": "VF_0026",
    "home_team": "Juventus",
    "away_team": "Barcelona",
    "home_score": 3,
    "away_score": 0,
    "result": "1",
    "timestamp": "2025-05-31T04:58:43.395004",
    "league": "Virtual Football"
  },
  {
    "match_id": "VF_0027",
    "home_team": "Sevilla",
    "away_team": "Chelsea",
    "home_score": 0,
    "away_score": 3,
    "result": "2",
    "timestamp": "2025-05-25T15:29:43.395004",
    "league": "Virtual Football"
  },
  {
    "match_id": "VF_0028",
    "home_team": "Atletico Madrid",
    "away_team": "Bayern Munich",
    "home_score": 1,
    "away_score": 2,
    "result": "2",
    "timestamp": "2025-06-15T03:22:43.395004",
    "league": "Virtual Football"
  },
  {
    "match_id": "VF_0029",
    "home_team": "Porto",
    "away_team": "PSG",
    "home_score": 3,
    "away_score": 2,
    "result": "1",
    "timestamp": "2025-06-12T13:20:43.395004",
    "league": "Virtual Football"
  },
  {
    "match_id": "VF_0030",
    "home_team": "Chelsea",
    "away_team": "AC Milan",
    "home_score": 3,
    "away_score": 0,
    "result": "1",
    "timestamp": "2025-06-20T17:08:43.395004",
    "league": "Virtual Football"
  },
  {
    "match_id": "VF_0031",
    "home_team": "Barcelona",
    "away_team": "Valencia",
    "home_score": 4,
    "away_score": 2,
    "result": "1",
    "timestamp": "2025-06-12T18:51:43.395004",
    "league": "Virtual Football"
  },
  {
    "match_id": "VF_0032",
    "home_team": "PSG",
    "away_team": "Sevilla",
    "home_score": 0,
    "away_score": 2,
    "result": "2",
    "timestamp": "2025-06-14T01:12:43.395004",
    "league": "Virtual Football"
  },
  {
    "match_id": "VF_0033",
    "home_team": "Barcelona",
    "away_team": "Chelsea",
    "home_score": 0,
    "away_score": 2,
    "result": "2",
    "timestamp": "2025-06-16T03:30:43.395004",
    "league": "Virtual Football"
  },
  {
    "match_id": "VF_0034",
    "home_team": "Sevilla",
    "away_team": "Inter Milan",
    "home_score": 0,
    "away_score": 0,
    "result": "X",
    "timestamp": "2025-06-09T05:27:43.395004",
    "league": "Virtual Football"
  },
  {
    "match_id": "VF_0035",
    "home_team": "Arsenal",
    "away_team": "Manchester United",
    "home_score": 3,
    "away_score": 3,
    "result": "X",
    "timestamp": "2025-05-26T11:36:43.395004",
    "league": "Virtual Football"
  },
  {
    "match_id": "VF_0036",
    "home_team": "Ajax",
    "away_team": "AC Milan",
    "home_score": 1,
    "away_score": 0,
    "result": "1",
    "timestamp": "2025-06-17T21:28:43.395004",
    "league": "Virtual Football"
  },
  {
    "match_id": "VF_0037",
    "home_team": "Real Madrid",
    "away_team": "PSG",
    "home_score": 0,
    "away_score": 3,
    "result": "2",
    "timestamp": "2025-05-31T21:58:43.395004",
    "league": "Virtual Football"
  },
  {
    "match_id": "VF_0038",
    "home_team": "Liverpool",
    "away_team": "Arsenal",
    "home_score": 1,
    "away_score": 4,
    "result": "2",
    "timestamp": "2025-05-27T09:56:43.395004",
    "league": "Virtual Football"
  },
  {
    "match_id": "VF_0039",
    "home_team": "Sevilla",
    "away_team": "Valencia",
    "home_score": 0,
    "away_score": 1,
    "result": "2",
    "timestamp": "2025-06-17T17:45:43.395004",
    "league": "Virtual Football"
  },
  {
    "match_id": "VF_0040",
    "home_team": "Manchester City",
    "away_team": "Atletico Madrid",
    "home_score": 2,
    "away_score": 2,
    "result": "X",
    "timestamp": "2025-05-30T23:09:43.395004",
    "league": "Virtual Football"
  },
  {
    "match_id": "VF_0041",
    "home_team": "Ajax",
    "away_team": "Juventus",
    "home_score": 2,
    "away_score": 0,
    "result": "1",
    "timestamp": "2025-06-07T01:54:43.395004",
    "league": "Virtual Football"
  },
  {
    "match_id": "VF_0042",
    "home_team": "Porto",
    "away_team": "Arsenal",
    "home_score": 3,
    "away_score": 3,
    "result": "X",
    "timestamp": "2025-05-26T06:59:43.395004",
    "league": "Virtual Football"
  },
  {
    "match_id": "VF_0043",
    "home_team": "Atletico Madrid",
    "away_team": "Sevilla",
    "home_score": 1,
    "away_score": 2,
    "result": "2",
    "timestamp": "2025-06-05T07:49:43.395004",
    "league": "Virtual Football"
  },
  {
    "match_id": "VF_0044",
    "home_team": "Ajax",
    "away_team": "Valencia",
    "home_score": 2,
    "away_score": 3,
    "result": "2",
    "timestamp": "2025-06-10T10:11:43.395004",
    "league": "Virtual Football"
  },
  {
    "match_id": "VF_0045",
    "home_team": "Benfica",
    "away_team": "Sevilla",
    "home_score": 1,
    "away_score": 3,
    "result": "2",
    "timestamp": "2025-06-12T01:33:43.395004",
    "league": "Virtual Football"
  },
  {
    "match_id": "VF_0046",
    "home_team": "Atletico Madrid",
    "away_team": "Valencia",
    "home_score": 0,
    "away_score": 2,
    "result": "2",
    "timestamp": "2025-06-14T13:57:43.395004",
    "league": "Virtual Football"
  },
  {
    "match_id": "VF_0047",
    "home_team": "Barcelona",
    "away_team": "Atletico Madrid",
    "home_score": 1,
    "away_score": 0,
    "result": "1",
    "timestamp": "2025-06-09T00:15:43.395004",
    "league": "Virtual Football"
  },
  {
    "match_id": "VF_0048",
    "home_team": "Juventus",
    "away_team": "Manchester City",
    "home_score": 3,
    "away_score": 3,
    "result": "X",
    "timestamp": "2025-06-01T13:11:43.395004",
    "league": "Virtual Football"
  },
  {
    "match_id": "VF_0049",
    "home_team": "Inter Milan",
    "away_team": "Manchester United",
    "home_score": 0,
    "away_score": 2,
    "result": "2",
    "timestamp": "2025-06-23T18:47:43.395004",
    "league": "Virtual Football"
  },
  {
    "match_id": "VF_0050",
    "home_team": "Arsenal",
    "away_team": "Atletico Madrid",
    "home_score": 1,
    "away_score": 3,
    "result": "2",
    "timestamp": "2025-06-20T04:08:43.395004",
    "league": "Virtual Football"
  },
  {
    "match_id": "VF_0051",
    "home_team": "Juventus",
    "away_team": "PSG",
    "home_score": 2,
    "away_score": 2,
    "result": "X",
    "timestamp": "2025-05-31T12:28:43.395004",
    "league": "Virtual Football"
  },
  {
    "match_id": "VF_0052",
    "home_team": "Arsenal",
    "away_team": "Inter Milan",
    "home_score": 3,
    "away_score": 1,
    "result": "1",
    "timestamp": "2025-06-06T20:54:43.395004",
    "league": "Virtual Football"
  },
  {
    "match_id": "VF_0053",
    "home_team": "Real Madrid",
    "away_team": "Arsenal",
    "home_score": 5,
    "away_score": 1,
    "result": "1",
    "timestamp": "2025-06-07T04:16:43.395004",
    "league": "Virtual Football"
  },
  {
    "match_id": "VF_0054",
    "home_team": "Juventus",
    "away_team": "Barcelona",
    "home_score": 4,
    "away_score": 0,
    "result": "1",
    "timestamp": "2025-06-23T21:33:43.395004",
    "league": "Virtual Football"
  },
  {
    "match_id": "VF_0055",
    "home_team": "Atletico Madrid",
    "away_team": "Porto",
    "home_score": 0,
    "away_score": 3,
    "result": "2",
    "timestamp": "2025-06-08T10:32:43.395004",
    "league": "Virtual Football"
  },
  {
    "match_id": "VF_0056",
    "home_team": "Sevilla",
    "away_team": "Chelsea",
    "home_score": 2,
    "away_score": 2,
    "result": "X",
    "timestamp": "2025-06-08T21:22:43.395004",
    "league": "Virtual Football"
  },
  {
    "match_id": "VF_0057",
    "home_team": "Juventus",
    "away_team": "AC Milan",
    "home_score": 3,
    "away_score": 3,
    "result": "X",
    "timestamp": "2025-06-12T13:05:43.395004",
    "league": "Virtual Football"
  },
  {
    "match_id": "VF_0058",
    "home_team": "Manchester City",
    "away_team": "Barcelona",
    "home_score": 1,
    "away_score": 0,
    "result": "1",
    "timestamp": "2025-06-01T13:20:43.395004",
    "league": "Virtual Football"
  },
  {
    "match_id": "VF_0059",
    "home_team": "Atletico Madrid",
    "away_team": "PSG",
    "home_score": 0,
    "away_score": 0,
    "result": "X",
    "timestamp": "2025-06-09T05:04:43.395004",
    "league": "Virtual Football"
  },
  {
    "match_id": "VF_0060",
    "home_team": "Liverpool",
    "away_team": "Sevilla",
    "home_score": 3,
    "away_score": 0,
    "result": "1",
    "timestamp": "2025-05-29T07:06:43.395004",
    "league": "Virtual Football"
  },
  {
    "match_id": "VF_0061",
    "home_team": "Ajax",
    "away_team": "Valencia",
    "home_score": 0,
    "away_score": 1,
    "result": "2",
    "timestamp": "2025-06-24T18:45:43.395004",
    "league": "Virtual Football"
  },
  {
    "match_id": "VF_0062",
    "home_team": "Benfica",
    "away_team": "AC Milan",
    "home_score": 1,
    "away_score": 2,
    "result": "2",
    "timestamp": "2025-05-31T22:45:43.395004",
    "league": "Virtual Football"
  },
  {
    "match_id": "VF_0063",
    "home_team": "PSG",
    "away_team": "Arsenal",
    "home_score": 3,
    "away_score": 1,
    "result": "1",
    "timestamp": "2025-05-25T17:09:43.395004",
    "league": "Virtual Football"
  },
  {
    "match_id": "VF_0064",
    "home_team": "Arsenal",
    "away_team": "AC Milan",
    "home_score": 3,
    "away_score": 0,
    "result": "1",
    "timestamp": "2025-05-29T22:18:43.395004",
    "league": "Virtual Football"
  },
  {
    "match_id": "VF_0065",
    "home_team": "Juventus",
    "away_team": "AC Milan",
    "home_score": 1,
    "away_score": 2,
    "result": "2",
    "timestamp": "2025-06-09T04:46:43.395004",
    "league": "Virtual Football"
  },
  {
    "match_id": "VF_0066",
    "home_team": "Sevilla",
    "away_team": "Borussia Dortmund",
    "home_score": 1,
    "away_score": 1,
    "result": "X",
    "timestamp": "2025-05-26T14:31:43.395004",
    "league": "Virtual Football"
  },
  {
    "match_id": "VF_0067",
    "home_team": "Valencia",
    "away_team": "Atletico Madrid",
    "home_score": 1,
    "away_score": 1,
    "result": "X",
    "timestamp": "2025-06-05T11:38:43.395004",
    "league": "Virtual Football"
  },
  {
    "match_id": "VF_0068",
    "home_team": "Chelsea",
    "away_team": "Bayern Munich",
    "home_score": 0,
    "away_score": 0,
    "result": "X",
    "timestamp": "2025-06-02T03:05:43.395004",
    "league": "Virtual Football"
  },
  {
    "match_id": "VF_0069",
    "home_team": "Borussia Dortmund",
    "away_team": "Liverpool",
    "home_score": 3,
    "away_score": 4,
    "result": "2",
    "timestamp": "2025-05-25T12:30:43.395004",
    "league": "Virtual Football"
  },
  {
    "match_id": "VF_0070",
    "home_team": "Lyon",
    "away_team": "PSG",
    "home_score": 3,
    "away_score": 3,
    "result": "X",
    "timestamp": "2025-06-11T23:34:43.395004",
    "league": "Virtual Football"
  },
  {
    "match_id": "VF_0071",
    "home_team": "Atletico Madrid",
    "away_team": "Lyon",
    "home_score": 0,
    "away_score": 1,
    "result": "2",
    "timestamp": "2025-05-29T07:16:43.395004",
    "league": "Virtual Football"
  },
  {
    "match_id": "VF_0072",
    "home_team": "Lyon",
    "away_team": "AC Milan",
    "home_score": 1,
    "away_score": 3,
    "result": "2",
    "timestamp": "2025-06-05T01:08:43.395004",
    "league": "Virtual Football"
  },
  {
    "match_id": "VF_0073",
    "home_team": "Ajax",
    "away_team": "Atletico Madrid",
    "home_score": 4,
    "away_score": 2,
    "result": "1",
    "timestamp": "2025-06-05T21:47:43.395004",
    "league": "Virtual Football"
  },
  {
    "match_id": "VF_0074",
    "home_team": "Inter Milan",
    "away_team": "Benfica",
    "home_score": 1,
    "away_score": 0,
    "result": "1",
    "timestamp": "2025-06-11T03:44:43.395004",
    "league": "Virtual Football"
  },
  {
    "match_id": "VF_0075",
    "home_team": "Benfica",
    "away_team": "PSG",
    "home_score": 3,
    "away_score": 0,
    "result": "1",
    "timestamp": "2025-05-30T06:32:43.395004",
    "league": "Virtual Football"
  },
  {
    "match_id": "VF_0076",
    "home_team": "Ajax",
    "away_team": "Porto",
    "home_score": 1,
    "away_score": 0,
    "result": "1",
    "timestamp": "2025-06-11T08:58:43.395004",
    "league": "Virtual Football"
  },
  {
    "match_id": "VF_0077",
    "home_team": "Valencia",
    "away_team": "Ajax",
    "home_score": 3,
    "away_score": 3,
    "result": "X",
    "timestamp": "2025-06-19T00:53:43.395004",
    "league": "Virtual Football"
  },
  {
    "match_id": "VF_0078",
    "home_team": "Borussia Dortmund",
    "away_team": "Atletico Madrid",
    "home_score": 0,
    "away_score": 0,
    "result": "X",
    "timestamp": "2025-05-26T20:03:43.395004",
    "league": "Virtual Football"
  },
  {
    "match_id": "VF_0079",
    "home_team": "PSG",
    "away_team": "Lyon",
    "home_score": 3,
    "away_score": 3,
    "result": "X",
    "timestamp": "2025-05-31T07:14:43.395004",
    "league": "Virtual Football"
  },
  {
    "match_id": "VF_0080",
    "home_team": "Valencia",
    "away_team": "Liverpool",
    "home_score": 3,
    "away_score": 0,
    "result": "1",
    "timestamp": "2025-06-01T04:14:43.395004",
    "league": "Virtual Football"
  },
  {
    "match_id": "VF_0081",
    "home_team": "Porto",
    "away_team": "Atletico Madrid",
    "home_score": 2,
    "away_score": 4,
    "result": "2",
    "timestamp": "2025-06-16T05:38:43.395004",
    "league": "Virtual Football"
  },
  {
    "match_id": "VF_0082",
    "home_team": "Arsenal",
    "away_team": "Chelsea",
    "home_score": 5,
    "away_score": 1,
    "result": "1",
    "timestamp": "2025-06-22T13:52:43.395004",
    "league": "Virtual Football"
  },
  {
    "match_id": "VF_0083",
    "home_team": "Manchester City",
    "away_team": "Inter Milan",
    "home_score": 0,
    "away_score": 0,
    "result": "X",
    "timestamp": "2025-06-14T17:39:43.395004",
    "league": "Virtual Football"
  },
  {
    "match_id": "VF_0084",
    "home_team": "Juventus",
    "away_team": "PSG",
    "home_score": 4,
    "away_score": 2,
    "result": "1",
    "timestamp": "2025-05-26T00:10:43.395004",
    "league": "Virtual Football"
  },
  {
    "match_id": "VF_0085",
    "home_team": "Liverpool",
    "away_team": "Manchester United",
    "home_score": 1,
    "away_score": 4,
    "result": "2",
    "timestamp": "2025-06-19T11:06:43.395004",
    "league": "Virtual Football"
  },
  {
    "match_id": "VF_0086",
    "home_team": "Chelsea",
    "away_team": "Benfica",
    "home_score": 1,
    "away_score": 1,
    "result": "X",
    "timestamp": "2025-06-21T16:41:43.395004",
    "league": "Virtual Football"
  },
  {
    "match_id": "VF_0087",
    "home_team": "Liverpool",
    "away_team": "PSG",
    "home_score": 0,
    "away_score": 0,
    "result": "X",
    "timestamp": "2025-06-01T07:13:43.395004",
    "league": "Virtual Football"
  },
  {
    "match_id": "VF_0088",
    "home_team": "AC Milan",
    "away_team": "PSG",
    "home_score": 3,
    "away_score": 4,
    "result": "2",
    "timestamp": "2025-06-06T07:56:43.395004",
    "league": "Virtual Football"
  },
  {
    "match_id": "VF_0089",
    "home_team": "Barcelona",
    "away_team": "PSG",
    "home_score": 1,
    "away_score": 0,
    "result": "1",
    "timestamp": "2025-05-29T09:51:43.395004",
    "league": "Virtual Football"
  },
  {
    "match_id": "VF_0090",
    "home_team": "AC Milan",
    "away_team": "Valencia",
    "home_score": 1,
    "away_score": 1,
    "result": "X",
    "timestamp": "2025-06-12T07:40:43.395004",
    "league": "Virtual Football"
  },
  {
    "match_id": "VF_0091",
    "home_team": "PSG",
    "away_team": "Ajax",
    "home_score": 2,
    "away_score": 0,
    "result": "1",
    "timestamp": "2025-06-14T12:16:43.395004",
    "league": "Virtual Football"
  },
  {
    "match_id": "VF_0092",
    "home_team": "Valencia",
    "away_team": "Ajax",
    "home_score": 2,
    "away_score": 3,
    "result": "2",
    "timestamp": "2025-06-02T02:23:43.395004",
    "league": "Virtual Football"
  },
  {
    "match_id": "VF_0093",
    "home_team": "Liverpool",
    "away_team": "Porto",
    "home_score": 1,
    "away_score": 4,
    "result": "2",
    "timestamp": "2025-05-28T20:22:43.395004",
    "league": "Virtual Football"
  },
  {
    "match_id": "VF_0094",
    "home_team": "Borussia Dortmund",
    "away_team": "Benfica",
    "home_score": 0,
    "away_score": 2,
    "result": "2",
    "timestamp": "2025-06-02T22:54:43.395004",
    "league": "Virtual Football"
  },
  {
    "match_id": "VF_0095",
    "home_team": "Real Madrid",
    "away_team": "Atletico Madrid",
    "home_score": 2,
    "away_score": 1,
    "result": "1",
    "timestamp": "2025-06-08T08:57:43.395004",
    "league": "Virtual Football"
  },
  {
    "match_id": "VF_0096",
    "home_team": "Ajax",
    "away_team": "Sevilla",
    "home_score": 1,
    "away_score": 0,
    "result": "1",
    "timestamp": "2025-06-17T06:32:43.395004",
    "league": "Virtual Football"
  },
  {
    "match_id": "VF_0097",
    "home_team": "Chelsea",
    "away_team": "Manchester City",
    "home_score": 2,
    "away_score": 0,
    "result": "1",
    "timestamp": "2025-06-09T12:40:43.395004",
    "league": "Virtual Football"
  },
  {
    "match_id": "VF_0098",
    "home_team": "Liverpool",
    "away_team": "Sevilla",
    "home_score": 2,
    "away_score": 1,
    "result": "1",
    "timestamp": "2025-06-09T20:32:43.395004",
    "league": "Virtual Football"
  },
  {
    "match_id": "VF_0099",
    "home_team": "Sevilla",
    "away_team": "Barcelona",
    "home_score": 3,
    "away_score": 2,
    "result": "1",
    "timestamp": "2025-06-09T11:51:43.395004",
    "league": "Virtual Football"
  },
  {
    "match_id": "VF_0100",
    "home_team": "Porto",
    "away_team": "Benfica",
    "home_score": 0,
    "away_score": 1,
    "result": "2",
    "timestamp": "2025-05-25T13:58:43.395004",
    "league": "Virtual Football"
  }
]