{
  "Ajax": {
    "matches_played": 14,
    "wins": 9,
    "draws": 2,
    "losses": 3,
    "goals_for": 31,
    "goals_against": 21,
    "team_name": "Ajax"
  },
  "Porto": {
    "matches_played": 12,
    "wins": 5,
    "draws": 1,
    "losses": 6,
    "goals_for": 27,
    "goals_against": 26,
    "team_name": "Porto"
  },
  "Inter Milan": {
    "matches_played": 8,
    "wins": 3,
    "draws": 2,
    "losses": 3,
    "goals_for": 8,
    "goals_against": 11,
    "team_name": "Inter Milan"
  },
  "Atletico Madrid": {
    "matches_played": 15,
    "wins": 2,
    "draws": 4,
    "losses": 9,
    "goals_for": 16,
    "goals_against": 25,
    "team_name": "Atletico Madrid"
  },
  "Sevilla": {
    "matches_played": 13,
    "wins": 4,
    "draws": 3,
    "losses": 6,
    "goals_for": 16,
    "goals_against": 20,
    "team_name": "Sevilla"
  },
  "Liverpool": {
    "matches_played": 12,
    "wins": 4,
    "draws": 2,
    "losses": 6,
    "goals_for": 18,
    "goals_against": 28,
    "team_name": "Liverpool"
  },
  "PSG": {
    "matches_played": 17,
    "wins": 5,
    "draws": 6,
    "losses": 6,
    "goals_for": 31,
    "goals_against": 33,
    "team_name": "PSG"
  },
  "Valencia": {
    "matches_played": 13,
    "wins": 5,
    "draws": 4,
    "losses": 4,
    "goals_for": 22,
    "goals_against": 23,
    "team_name": "Valencia"
  },
  "AC Milan": {
    "matches_played": 14,
    "wins": 6,
    "draws": 2,
    "losses": 6,
    "goals_for": 25,
    "goals_against": 24,
    "team_name": "AC Milan"
  },
  "Borussia Dortmund": {
    "matches_played": 7,
    "wins": 1,
    "draws": 2,
    "losses": 4,
    "goals_for": 12,
    "goals_against": 15,
    "team_name": "Borussia Dortmund"
  },
  "Manchester City": {
    "matches_played": 8,
    "wins": 1,
    "draws": 4,
    "losses": 3,
    "goals_for": 10,
    "goals_against": 17,
    "team_name": "Manchester City"
  },
  "Arsenal": {
    "matches_played": 14,
    "wins": 8,
    "draws": 2,
    "losses": 4,
    "goals_for": 38,
    "goals_against": 28,
    "team_name": "Arsenal"
  },
  "Lyon": {
    "matches_played": 6,
    "wins": 1,
    "draws": 3,
    "losses": 2,
    "goals_for": 11,
    "goals_against": 13,
    "team_name": "Lyon"
  },
  "Bayern Munich": {
    "matches_played": 3,
    "wins": 2,
    "draws": 1,
    "losses": 0,
    "goals_for": 4,
    "goals_against": 2,
    "team_name": "Bayern Munich"
  },
  "Manchester United": {
    "matches_played": 4,
    "wins": 3,
    "draws": 1,
    "losses": 0,
    "goals_for": 12,
    "goals_against": 4,
    "team_name": "Manchester United"
  },
  "Real Madrid": {
    "matches_played": 5,
    "wins": 2,
    "draws": 1,
    "losses": 2,
    "goals_for": 9,
    "goals_against": 10,
    "team_name": "Real Madrid"
  },
  "Juventus": {
    "matches_played": 9,
    "wins": 4,
    "draws": 3,
    "losses": 2,
    "goals_for": 24,
    "goals_against": 15,
    "team_name": "Juventus"
  },
  "Chelsea": {
    "matches_played": 10,
    "wins": 4,
    "draws": 4,
    "losses": 2,
    "goals_for": 16,
    "goals_against": 11,
    "team_name": "Chelsea"
  },
  "Benfica": {
    "matches_played": 8,
    "wins": 4,
    "draws": 1,
    "losses": 3,
    "goals_for": 12,
    "goals_against": 9,
    "team_name": "Benfica"
  },
  "Barcelona": {
    "matches_played": 8,
    "wins": 3,
    "draws": 0,
    "losses": 5,
    "goals_for": 8,
    "goals_against": 15,
    "team_name": "Barcelona"
  }
}